Sample_Plate,Sample_Well,i7,i5
241106_SpL,A01,CACACATCTC,GAGGCTATGC
241106_SpL,B01,TGTGCTTGAA,CCGGTGTATT
241106_SpL,C01,CTAGTGAAGA,TGTGTAGGTT
241106_SpL,D01,CCACCGATAT,CATTCAGAGA
241106_SpL,E01,CTCTCGCGTA,CATTACTAGG
241106_SpL,F01,AACCATCCGG,TTCTCGATAG
241106_SpL,G01,TGCGTTATAG,TCTGAGGCGA
241106_SpL,H01,GTATTCGCAA,GGCACAGCAT
241106_SpL,A02,GATCGACGTA,CGACACGTAT
241106_SpL,B02,CTCTGGTTCC,TGCGCTTCTC
241106_SpL,C02,CGCGAATACG,CATCTATCGG
241106_SpL,D02,AACCACGTAC,TGAAGTGAAC
241106_SpL,E02,TTGCCTACTG,CTGCAAGGAT
241106_SpL,F02,AACCTCGATT,GAAGTTACAG
241106_SpL,G02,CTGGACTGCA,CGATGTACGA
241106_SpL,H02,TACTGCACGG,GTCCGCTAGA
241106_SpL,A03,TCTTCAACGG,CACGATTGTT
241106_SpL,B03,CGTAACTAGC,GTCCAGATGC
241106_SpL,C03,TCAATCGAAG,CACCTTGATT
241106_SpL,D03,ATTGCGGTGG,TCTGAGGATC
241106_SpL,E03,CTTGAGTCCA,CCATTAGTCA
241106_SpL,F03,CACTGACATA,GTTGAGCTAT
241106_SpL,G03,TATGGACTGA,GGATGCAAGC
241106_SpL,H03,GATTCTGTAC,CCAATACTAC